id,topic,difficulty,question_type,question,code_file,opt1,opt2,opt3,opt4,opt5,explanation
1,Hợp tác tiến trình & Truyền thông liên tiến trình IPC (C2.4),Trap,Multi_Select:2,"Trong các phát biểu sau về cơ chế Truyền thông liên tiến trình (IPC) bằng mô hình Vùng nhớ chia sẻ (Shared Memory) và Truyền thông điệp (Message Passing), hãy chọn tất cả các phát biểu ĐÚNG (Chọn tất cả đáp án đúng).",,"Mô hình Vùng nhớ chia sẻ (Shared Memory) cho tốc độ trao đổi dữ liệu rất nhanh vì sau khi thiết lập vùng nhớ chung, các tiến trình trao đổi dữ liệu mà không cần sự can thiệp của hệ điều hành trong mỗi lần đọc/ghi.",Mô hình Truyền thông điệp (Message Passing) rất thích hợp cho các hệ thống phân tán (Distributed systems) vì việc truyền tin qua mạng dễ cài đặt hơn so với việc chia sẻ vùng nhớ vật lý giữa các máy khác nhau.,Mô hình Vùng nhớ chia sẻ không đòi hỏi lập trình viên phải sử dụng bất kỳ cơ chế đồng bộ hóa nào (như Semaphore hay Mutex) vì hệ điều hành tự động kiểm soát xung đột dữ liệu.,"Mô hình Truyền thông điệp luôn sử dụng bộ đệm có dung lượng bằng không (Zero capacity) trong mọi trường hợp, khiến tiến trình gửi luôn phải chờ tiến trình nhận.",,"Phân tích các phát biểu về hai mô hình IPC:
- Mô hình Vùng nhớ chia sẻ (Shared Memory) có tốc độ rất cao vì loại bỏ lời gọi hệ thống (System Call) trong quá trình truyền dữ liệu, các tiến trình truy xuất trực tiếp vào RAM.
- Mô hình Truyền thông điệp (Message Passing) rất phù hợp cho hệ thống phân tán vì việc gửi thông điệp qua mạng dễ cài đặt hơn so với việc chia sẻ bộ nhớ vật lý giữa các máy khác nhau.
- Phát biểu về việc không cần đồng bộ hóa là SAI: Lập trình viên bắt buộc phải tự quản lý đồng bộ (dùng Semaphore hoặc Mutex) để tránh Race Condition.
- Phát biểu về bộ đệm dung lượng bằng không là SAI: Message Passing có thể sử dụng bộ đệm chặn (Bounded capacity) hoặc không giới hạn (Unbounded capacity)."
2,"Tài nguyên găng, Đoạn găng & 4 Điều kiện chuẩn mực (C2.5)",Boss,Concept_Apply,"Để một giải pháp giải quyết bài toán Đoạn găng (Critical Section) được coi là đúng đắn và an toàn trong hệ điều hành đa nhiệm, giải pháp đó phải thỏa mãn đồng thời 4 điều kiện chuẩn mực nào sau đây?",,"Loại trừ tương hỗ (Mutual Exclusion), Tiến triển (Progress), Chờ đợi có giới hạn (Bounded Waiting), và Độc lập phần cứng (không giả định tốc độ hay số lượng CPU).","Đa chương (Multiprogramming), Chia sẻ thời gian (Time-sharing), Phân trang (Paging), và Ảo hóa (Virtualization).","Chuyển ngữ cảnh (Context Switch), Ngắt (Interrupt), Trạng thái Ready, và Trạng thái Waiting.","Deadlock Prevention, Deadlock Avoidance, Deadlock Detection, và Deadlock Recovery.",,"Theo lý thuyết kinh điển của Hệ điều hành, bất kỳ giải pháp đồng bộ hóa nào cho Đoạn găng (Critical Section) đều phải thỏa mãn đồng thời 4 điều kiện chuẩn mực:
1. Loại trừ tương hỗ (Mutual Exclusion): Tối đa chỉ 1 tiến trình được thực thi trong đoạn găng tại một thời điểm.
2. Tiến triển (Progress): Nếu không có tiến trình trong đoạn găng, chỉ những tiến trình muốn vào mới tham gia quyết định ai được vào tiếp, và quyết định không bị trì hoãn vô hạn.
3. Chờ đợi có giới hạn (Bounded Waiting): Có giới hạn số lần tiến trình khác được vào trước khi tiến trình đang chờ được phép vào (tránh Starvation).
4. Độc lập phần cứng: Không đưa ra giả định về tốc độ hoặc số lượng bộ vi xử lý trong hệ thống."
3,"Tiến trình, Khối điều khiển PCB & 4 Sự kiện khởi tạo (C2.1)",Easy,Error_Check,Phát biểu nào sau đây là CHÍNH XÁC NHẤT khi mô tả về Khối điều khiển tiến trình (PCB - Process Control Block) và các sự kiện khởi tạo tiến trình trong hệ điều hành?,,"PCB là một cấu trúc dữ liệu của hệ điều hành dùng để lưu trữ toàn bộ thông tin trạng thái của tiến trình (như PID, Program Counter, thanh ghi CPU, thông tin bộ nhớ), và 4 sự kiện chính khởi tạo tiến trình gồm: Khởi động hệ thống, Lệnh gọi hệ thống từ tiến trình thực thi, Yêu cầu từ người dùng, và Khởi động công việc xử lý lô (Batch job).",PCB là một đoạn mã chương trình do người dùng viết để thực hiện việc chuyển đổi trạng thái tiến trình từ User mode sang Kernel mode.,Hệ điều hành chỉ tạo ra PCB duy nhất cho toàn bộ các tiến trình đang chạy trong hệ thống mà không phân biệt PID.,"Tiến trình và chương trình là một thực thể duy nhất, trong đó chương trình là thực thể động còn tiến trình là thực thể thụ động trên đĩa cứng.",,"Process Control Block (PCB) là cấu trúc dữ liệu cốt lõi chứa toàn bộ thông tin định danh và quản lý tiến trình của Hệ điều hành.

Bốn sự kiện kinh điển khởi tạo tiến trình trong hệ điều hành gồm:
1. Khởi động hệ thống (System initialization).
2. Tiến trình đang chạy gọi lời gọi hệ thống tạo tiến trình (Execution of a process creation system call - fork/CreateProcess).
3. Yêu cầu tạo tiến trình từ người dùng (User request to create a new process).
4. Khởi động công việc xử lý theo lô (Initiation of a batch job)."
4,Hardware_Protection_DualMode,Trap,Error_Check,"Trong cơ chế bảo vệ bộ nhớ và hệ thống Dual-Mode của hệ điều hành, phát biểu nào sau đây là ĐÚNG BẤT CHẤP mọi tình huống?",,Hệ điều hành sử dụng cặp thanh ghi Base và Limit kết hợp với điều kiện phần cứng bắt buộc Base <= Địa chỉ < Base + Limit để kiểm tra mọi truy cập bộ nhớ của User Mode.,"Khi ở User Mode (Mode bit = 1), tiến trình người dùng có quyền trực tiếp thực thi các lệnh đặc quyền (Privileged Instructions) liên quan đến quản lý thiết bị I/O.",Ngắt phần mềm (Trap hoặc Exception) được kích hoạt bởi các tín hiệu điện từ các thiết bị ngoại vi phần cứng gửi trực tiếp đến bộ điều khiển ngắt.,Bộ định thời (Timer) được cấu hình để cộng dồn giá trị sau mỗi chu kỳ lệnh và sẽ phát sinh ngắt khi vượt quá giới hạn nhằm bảo vệ bộ nhớ.,,"Phân tích cơ chế bảo vệ phần cứng và Dual-Mode:
- Thanh ghi Base lưu địa chỉ vật lý bắt đầu, Limit lưu kích thước vùng nhớ được cấp phát. Phần cứng luôn kiểm tra điều kiện an toàn: Base <= Địa chỉ < Base + Limit. Bất kỳ vi phạm nào đều kích hoạt ngắt Trap.
- Lệnh đặc quyền (Privileged Instructions) chỉ được phép thực thi ở Kernel Mode (Mode bit = 0), tuyệt đối không được chạy ở User Mode.
- Tín hiệu từ thiết bị ngoại vi là ngắt phần cứng (IRQ), trong khi Trap/Exception là ngắt phần mềm.
- Bộ định thời (Timer) dùng để ngăn chặn tiến trình chiếm dụng CPU vô tận bằng cách đếm lùi về 0 chứ không dùng để bảo vệ bộ nhớ."
5,OS_Concepts_Resources_Shell,Medium,Error_Check,"Xét về các khái niệm cơ bản, tài nguyên hệ thống và cấu trúc phân cấp trong hệ điều hành, phát biểu nào sau đây là SAI?",,"Tiến trình và Chương trình là một khái niệm, trong đó chương trình là thể hiện động nằm trong RAM còn tiến trình là thể hiện thụ động trên đĩa.","Shell đóng vai trò là một tiến trình đặc biệt chịu trách nhiệm giao tiếp với người dùng, nhận lệnh, phân tích cú pháp và phát sinh tiến trình mới.","Kernel là hạt nhân cấp thấp nhất của hệ điều hành, có nhiệm vụ trực tiếp điều khiển phần cứng và chuyển đổi các yêu cầu I/O thành tập lệnh của CPU.","Trong kiến trúc đa luồng, các luồng thuộc cùng một tiến trình (Lightweight Process) sẽ chia sẻ không gian địa chỉ, heap và các biến toàn cục.",,"Phân tích sự khác biệt bản chất giữa Chương trình và Tiến trình:
- Phát biểu 'Chương trình là thể hiện động trong RAM còn Tiến trình là thể hiện thụ động trên đĩa' là SAI vì định nghĩa bị đảo ngược hoàn toàn.
- Đúng chuẩn là: Chương trình là thực thể thụ động (passive entity) lưu trên đĩa cứng; còn Tiến trình là thực thể động (active entity) đang được nạp vào RAM và được CPU thực thi.
- Các phát biểu về Shell (nhận lệnh và fork tiến trình mới), Kernel (hạt nhân điều khiển phần cứng) và Luồng (chia sẻ không gian địa chỉ, heap) đều hoàn toàn chính xác."
6,IPC_Cooperation_Mechanisms,Medium,Order_Trace,"Khi xem xét các cơ chế Truyền thông liên tiến trình (IPC), xét mô hình Truyền thông điệp (Message Passing) với không gian bộ đệm có dung lượng giới hạn (Bounded capacity). Thứ tự chính xác của các bước khi một tiến trình gửi thông điệp (send) đến một tiến trình khác là gì?",,"Tiến trình gọi hàm send() -> Kiểm tra dung lượng bộ đệm -> Nếu bộ đệm đầy (với chế độ blocking), tiến trình gửi bị block cho đến khi có chỗ trống -> Sao chép thông điệp vào hàng đợi/mailbox.",Sao chép thông điệp vào hàng đợi ngay lập tức bất chấp dung lượng bộ đệm -> Tiến trình gọi hàm send() -> Kích hoạt ngắt phần cứng -> Giải phóng tiến trình gửi.,Tiến trình gọi hàm send() -> Hệ điều hành giải phóng ngay lập tức không cần kiểm tra -> Hủy thông điệp nếu bộ đệm đầy -> Tiến trình nhận tự xử lý.,Kiểm tra bộ đệm đầy -> Sao chép thông điệp -> Tiến trình gửi bị block vĩnh viễn không bao giờ được đánh thức -> Tiến trình nhận gọi receive().,,"Quy trình chuẩn khi thực hiện Message Passing với bộ đệm dung lượng giới hạn (Bounded capacity):
1. Tiến trình gọi hàm gửi send().
2. Hệ thống kiểm tra dung lượng còn trống của bộ đệm.
3. Nếu bộ đệm đã đầy (ở chế độ đồng bộ/blocking), tiến trình gửi bị chuyển sang trạng thái chờ (blocked) cho đến khi có chỗ trống.
4. Sao chép dữ liệu thông điệp vào hàng đợi/mailbox và đánh thức tiến trình nhận."
7,Hardware_Protection_DualMode,Medium,Multi_Select:2,"(Chọn tất cả đáp án đúng) Trong kiến trúc phần cứng và cơ chế bảo vệ của hệ điều hành, các phát biểu nào sau đây đúng về Ngắt (Interrupt) và Chế độ kép (Dual-Mode)?",,Ngắt phần mềm hay còn gọi là Trap/Exception được sinh ra bởi các sự kiện bên trong như lỗi thực thi (chia cho 0) hoặc gọi hệ thống (System Call).,"Chế độ hoạt động kép (Dual-Mode) sử dụng một bit trạng thái (Mode bit) trên phần cứng, với giá trị 0 đại diện cho Kernel Mode và 1 đại diện cho User Mode.","Khi một tiến trình đang ở User Mode gọi một lệnh đặc quyền (Privileged Instruction), phần cứng sẽ cho phép thực thi nếu tiến trình đó có quyền ưu tiên cao.",Cơ chế DMA (Direct Memory Access) yêu cầu CPU phải trực tiếp đọc từng byte dữ liệu từ thiết bị I/O rồi ghi vào bộ nhớ chính RAM nhằm đảm bảo an toàn.,,"Phân tích các cơ chế bảo vệ và ngắt của Hệ điều hành:
- Ngắt phần mềm (Trap/Exception) được kích hoạt bởi các sự kiện bên trong như lỗi chia cho 0 hoặc lời gọi hệ thống (System Call).
- Chế độ hoạt động kép (Dual-Mode) sử dụng phần cứng Mode bit: 0 là Kernel Mode và 1 là User Mode.
- Khi ở User Mode mà gọi lệnh đặc quyền, phần cứng sẽ lập tức bẫy lỗi (Trap) để ngăn chặn chứ không bao giờ cho phép thực thi.
- Cơ chế DMA (Direct Memory Access) cho phép thiết bị I/O trao đổi dữ liệu trực tiếp với RAM mà không cần CPU can thiệp từng byte."
8,"Các khái niệm cơ bản, Tài nguyên hệ thống & Shell/Kernel (C1.2)",Trap,Concept_Apply,Phát biểu nào sau đây là CHÍNH XÁC NHẤT khi phân biệt giữa Chương trình (Program) và Tiến trình (Process)?,,"Chương trình là thực thể thụ động chứa mã lệnh lưu trên đĩa, trong khi Tiến trình là thực thể động đang thực thi, bao gồm bộ đếm chương trình (PC), các thanh ghi và không gian nhớ trong RAM.","Chương trình và Tiến trình thực chất là một, chỉ khác nhau ở chỗ chương trình chạy ở User Mode còn tiến trình chạy ở Kernel Mode.","Tiến trình là một thực thể tĩnh nằm trên bộ nhớ phụ, còn chương trình là một thực thể động được nạp trực tiếp vào CPU để xử lý.",Một chương trình chỉ có thể tương ứng với đúng một tiến trình duy nhất trong suốt vòng đời của hệ thống.,,"Theo lý thuyết Hệ điều hành, Chương trình là một thực thể thụ động (passive entity) gồm tập hợp các câu lệnh lưu trên đĩa (thường gọi là tệp thực thi). Ngược lại, Tiến trình là một thực thể động (active entity) với bộ đếm chương trình (Program Counter) chỉ vị trí lệnh tiếp theo sẽ thực thi, không gian bộ nhớ, tập thanh ghi và các tài nguyên hệ thống đi kèm khi nó được nạp vào RAM và đang được CPU xử lý. Các phương án khác phát biểu sai lệch về bản chất động/tĩnh hoặc mối quan hệ 1-1 giả tạo."
9,"Các khái niệm cơ bản, Tài nguyên hệ thống & Shell/Kernel (C1.2)",Medium,Concept_Apply,"Trong chuỗi phân cấp điều khiển từ người dùng xuống phần cứng của một hệ điều hành tiêu chuẩn, thành phần nào đóng vai trò nhận lệnh từ người dùng (hoặc script), phân tích và phát sinh các tiến trình mới?",,Shell,Kernel,Hardware,Device Driver,,"Chuỗi phân cấp điều khiển đi từ User -> Shell -> Kernel -> Hardware. Trong đó, Shell là một tiến trình đặc biệt hoạt động ở tầng giao tiếp (giao diện dòng lệnh hoặc đồ họa), có nhiệm vụ nhận lệnh từ người dùng, phân tích cú pháp và gọi các System Call để Kernel phát sinh (fork/exec) các tiến trình mới thực hiện yêu cầu đó."
10,Hợp tác tiến trình & Truyền thông liên tiến trình IPC (C2.4),Trap,Error_Check,Phát biểu nào sau đây là SAI khi nói về hai mô hình Truyền thông liên tiến trình (IPC) gồm Vùng nhớ chia sẻ (Shared Memory) và Truyền thông điệp (Message Passing)?,,Mô hình Truyền thông điệp (Message Passing) luôn có tốc độ trao đổi dữ liệu nhanh hơn đáng kể so với Vùng nhớ chia sẻ do hệ điều hành tối ưu hóa sẵn bộ đệm phần cứng.,Mô hình Vùng nhớ chia sẻ đòi hỏi các tiến trình tự thiết lập cơ chế đồng bộ hóa (như Semaphore hoặc Mutex) để tránh xung đột truy xuất dữ liệu.,Mô hình Truyền thông điệp rất thích hợp cho việc trao đổi dữ liệu có kích thước nhỏ và dễ cài đặt trên các hệ thống phân tán.,"Mô hình Vùng nhớ chia sẻ ban đầu cần sự can thiệp của hệ điều hành để thiết lập vùng nhớ chung, nhưng sau đó việc đọc/ghi diễn ra trực tiếp qua các lệnh gán bộ nhớ thông thường mà không cần gọi hệ thống trong mỗi lần truyền.",,"Phát biểu 1 sai vì thực tế mô hình Vùng nhớ chia sẻ có tốc độ nhanh hơn Message Passing khi trao đổi lượng dữ liệu lớn. Nguyên nhân là do Message Passing phải thông qua các lời gọi hệ thống (system call) và cơ chế sao chép dữ liệu qua lại giữa không gian nhân và không gian người dùng, tốn nhiều chi phí hơn. Shared Memory chỉ mất thời gian lúc thiết lập ban đầu, sau đó các tiến trình truy xuất trực tiếp vào RAM."
11,"Kiến trúc phần cứng, Cơ chế bảo vệ & Chế độ kép Dual-Mode",Medium,Order_Trace,"Khi một tiến trình đang chạy ở chế độ người dùng (User Mode) thực hiện lệnh gọi hệ thống (System Call), trình tự các bước chuyển đổi chế độ và xử lý nào sau đây là chính xác?",,"Tiến trình phát sinh ngắt phần mềm (Trap/Exception) -> CPU chuyển Mode bit từ 1 sang 0 -> Bộ xử lý tra cứu bảng vector ngắt để gọi hàm xử lý của Kernel -> Hoàn thành tác vụ, chuyển Mode bit về lại 1 và trả quyền cho User Mode.",CPU tự động chuyển sang Kernel Mode -> Tiến trình gọi trực tiếp phần cứng I/O -> Kiểm tra thanh ghi Base & Limit -> Chuyển lại User Mode.,Tiến trình tăng biến đếm chương trình (PC) -> Kích hoạt bộ định thời Timer -> Chuyển Mode bit sang 0 -> Thực hiện lệnh đặc quyền.,Hệ điều hành ngắt kết nối RAM -> Lưu trạng thái tiến trình vào bộ đệm ẩn -> Chuyển Mode bit thành 0 -> Thực thi ngắt phần cứng.,,"Quy trình chuẩn khi thực hiện System Call: Tiến trình ở User Mode (Mode bit = 1) thực hiện lệnh Trap (ngắt mềm) để yêu cầu dịch vụ từ hệ điều hành. Phần cứng chuyển Mode bit thành 0 (Kernel Mode), CPU lưu ngữ cảnh hiện tại, tra cứu bảng ngắt (interrupt vector) để nhảy tới trình phục vụ ngắt tương ứng trong Kernel. Sau khi Kernel xử lý xong, hệ thống thiết lập lại Mode bit về 1 và khôi phục ngữ cảnh để tiến trình tiếp tục chạy ở User Mode."
12,"Các giải pháp đồng bộ hóa: Peterson, TSL & Semaphore (C2.5)",Medium,Concept_Apply,Phát biểu nào sau đây là CHÍNH XÁC NHẤT khi nói về cơ chế hoạt động của Semaphore và các giải pháp đồng bộ hóa trong Hệ Điều Hành?,,Giá trị của biến semaphore S âm (|S|) biểu thị số lượng tiến trình đang bị khóa và nằm trong hàng đợi chờ của semaphore đó.,Thuật toán Peterson là giải pháp phần mềm kết hợp biến cờ hiệu và lệnh TSL nguyên tử để giải quyết bài toán đoạn găng cho n tiến trình.,"Giải pháp luân phiên nghiêm ngặt (Strict Alternation) thỏa mãn hoàn toàn cả 4 điều kiện chuẩn mực của đoạn găng, đặc biệt là điều kiện tiến triển.",Lệnh TSL (Test and Set Lock) là một đoạn mã cấp cao có thể bị ngắt giữa chừng bởi bộ lập lịch để chuyển đổi ngữ cảnh.,,"Theo lý thuyết về Semaphore, khi một tiến trình gọi wait(S) mà S < 0, tiến trình đó sẽ bị đưa vào hàng đợi chờ và giá trị âm của S phản ánh chính xác số lượng tiến trình đang ngủ trong hàng đợi đó. Các phương án khác đều sai: Peterson chỉ giải quyết cho 2 tiến trình và không dùng TSL (TSL là lệnh phần cứng); Strict Alternation vi phạm điều kiện Progress; TSL phải là lệnh nguyên tử không thể bị ngắt."
13,"Tài nguyên găng, Đoạn găng & 4 Điều kiện chuẩn mực (C2.5)",Medium,Multi_Select:2,(Chọn tất cả đáp án đúng) Những điều kiện nào sau đây là điều kiện chuẩn mực bắt buộc đối với một giải pháp giải quyết bài toán Đoạn găng (Critical Section)?,,"Loại trừ tương hỗ (Mutual Exclusion): Nếu một tiến trình đang thực thi trong đoạn găng của nó, không có tiến trình nào khác được phép thực thi trong đoạn găng đó.","Tiến triển (Progress): Nếu không có tiến trình nào đang ở trong đoạn găng và một số tiến trình muốn vào, thì chỉ những tiến trình không nằm trong đoạn code ngoài mới tham gia quyết định tiến trình nào được vào tiếp.",Chờ đợi có giới hạn (Bounded Waiting): Hệ thống phải đảm bảo thời gian chờ đợi của mọi tiến trình trong đoạn găng là bằng nhau tuyệt đối.,Độc lập phần cứng (Hardware Independence): Giải pháp đoạn găng phải giả định tốc độ của các CPU và số lượng CPU trong hệ thống phải luôn đồng nhất.,,"Bốn điều kiện chuẩn mực cho một giải pháp đoạn găng bao gồm: (1) Loại trừ tương hỗ; (2) Tiến triển; (3) Chờ đợi có giới hạn (giới hạn số lần tiến trình khác được vào trước, chứ không bắt buộc thời gian phải bằng nhau tuyệt đối); và (4) Không giả định về tốc độ hay số lượng CPU (độc lập phần cứng). Do đó, chỉ có ý 1 và ý 2 phát biểu đúng theo định nghĩa chuẩn trong giáo trình."
14,Các thuật toán Lập lịch CPU & Biểu đồ Gantt (C2.2),Easy,Concept_Apply,Phát biểu nào sau đây là CHÍNH XÁC NHẤT về các thuật toán lập lịch CPU trong Hệ Điều Hành?,,"Thuật toán Shortest Remaining Time First (SRTF) là phiên bản thụ quyền (preemptive) của thuật toán SJF, có khả năng tối ưu hóa thời gian chờ trung bình.",Thuật toán FCFS không bao giờ xảy ra hiện tượng hiệu ứng đoàn tàu (Convoy Effect) bất kể thời gian bùng nổ CPU của các tiến trình thế nào.,"Trong thuật toán Round Robin, khi định mức thời gian (Time Quantum q) tiến tới vô cùng, thuật toán sẽ tự động biến đổi thành thuật toán SJF.",Thuật toán lập lịch theo độ ưu tiên (Priority Scheduling) hoàn toàn loại bỏ được hiện tượng đói tài nguyên (Starvation) mà không cần dùng kỹ thuật làm già (Aging).,,"SRTF là phiên bản cướp quyền (preemptive) của SJF, cho thời gian chờ trung bình tối ưu. FCFS gây ra hiệu ứng đoàn tàu (Convoy Effect). Khi Time Quantum q -> vô cùng trong Round Robin, nó biến thành FCFS chứ không phải SJF. Priority Scheduling gây ra Starvation và phải dùng kỹ thuật Aging để khắc phục."
15,"Tiến trình, Khối điều khiển PCB & 4 Sự kiện khởi tạo (C2.1)",Boss,Error_Check,Phát biểu nào sau đây là CHÍNH XÁC NHẤT khi nói về Khối điều khiển tiến trình (PCB) và các sự kiện khởi tạo trong Hệ Điều Hành?,,"Khối điều khiển tiến trình (PCB) lưu trữ toàn bộ thông tin định danh, trạng thái, bộ đếm chương trình PC, các thanh ghi CPU và thông tin quản lý bộ nhớ của tiến trình.",Khởi động hệ thống (System initialization) không phải là sự kiện tạo ra các tiến trình hệ thống hay tiến trình nền (daemon).,Chi phí chuyển ngữ cảnh (Context Switch Overhead) là một lợi ích giúp tăng tốc độ thực thi chương trình của bộ vi xử lý mà không tốn thêm tài nguyên.,Tiến trình người dùng và tiến trình hệ thống có cấu trúc khối PCB hoàn toàn khác biệt nhau về bản chất và không thể được quản lý trong cùng một hệ thống.,,"Phân tích về Khối điều khiển tiến trình (PCB) và các biến cố hệ thống:
- Khối điều khiển tiến trình (PCB) là cấu trúc dữ liệu toàn diện lưu trữ PID, trạng thái tiến trình, con trỏ lệnh PC, các thanh ghi CPU và bản đồ quản lý bộ nhớ.
- Khởi động hệ thống chính là một trong 4 sự kiện chính thức để tạo ra các tiến trình nền (daemon).
- Chuyển ngữ cảnh (Context Switch) là một chi phí tiêu tốn tài nguyên và chu kỳ CPU (Overhead), không phải là lợi ích tăng tốc.
- Mọi tiến trình người dùng và tiến trình hệ thống đều dùng chung mô hình cấu trúc PCB do kernel quản lý."
16,"Tài nguyên găng, Đoạn găng & 4 Điều kiện chuẩn mực (C2.5)",Easy,Error_Check,"Trong các phát biểu sau đây về Đoạn găng (Critical Section) và các điều kiện chuẩn mực của giải pháp đồng bộ hóa, phát biểu nào là ĐÚNG NHẤT?",,Điều kiện Tiến triển (Progress) đòi hỏi những tiến trình không nằm trong đoạn găng không được phép ngăn cản các tiến trình khác vào đoạn găng.,Điều kiện Loại trừ tương hỗ (Mutual Exclusion) cho phép tối đa hai tiến trình cùng thực thi trong đoạn găng tại cùng một thời điểm.,Điều kiện Chờ đợi có giới hạn (Bounded Waiting) đảm bảo rằng một tiến trình sẽ không bao giờ phải chờ đợi để vào đoạn găng.,Giải pháp đúng cho đoạn găng bắt buộc phải phụ thuộc vào tốc độ và số lượng của CPU đang hoạt động.,,"Theo lý thuyết về đoạn găng, điều kiện Tiến triển (Progress) phát biểu rằng nếu không có tiến trình nào đang ở trong đoạn găng và có một số tiến trình muốn vào, thì chỉ những tiến trình không nằm trong đoạn nhắc nhở mới tham gia quyết định tiến trình nào được vào tiếp theo, và quyết định này không thể bị hoãn vô hạn. Phát biểu opt2 sai vì Mutual Exclusion chỉ cho tối đa 1 tiến trình. Phát biểu opt3 sai vì Bounded Waiting vẫn cho phép chờ nhưng có giới hạn số lần. Phát biểu opt4 sai vì giải pháp phải độc lập phần cứng."
17,"Các khái niệm cơ bản, Tài nguyên hệ thống & Shell/Kernel (C1.2)",Medium,Concept_Apply,Phát biểu nào sau đây thể hiện chính xác nhất mối quan hệ và bản chất giữa Shell và Kernel trong kiến trúc hệ điều hành?,,"Shell đóng vai trò là giao diện trung gian nhận lệnh từ người dùng, phân tích và gọi các dịch vụ của Kernel để điều khiển phần cứng.","Shell là thành phần cốt lõi nằm ở mức thấp nhất của hệ điều hành, trực tiếp quản lý bộ nhớ vật lý và thanh ghi CPU.","Kernel là chương trình ứng dụng chạy ở không gian người dùng (User space), có nhiệm vụ hiển thị giao diện dòng lệnh.","Shell và Kernel thực chất là một thực thể duy nhất, không có sự phân tách về không gian địa chỉ hay quyền hạn bảo vệ.",,"Shell là một chương trình đặc biệt nằm ở tầng giao tiếp giữa người dùng và hệ thống, có nhiệm vụ nhận lệnh, phân tích cú pháp và yêu cầu Kernel thực hiện các tác vụ hệ thống. Kernel là hạt nhân cấp thấp nhất quản lý phần cứng trực tiếp. Do đó opt1 là chính xác, các opt khác nhầm lẫn vai trò."
18,"Cấu trúc Hệ Điều Hành, Dịch vụ & Lời gọi hệ thống (C1.3)",Medium,Order_Trace,"Khi một tiến trình người dùng cần thực hiện một tác vụ Nhập/Xuất (I/O) thông qua Lời gọi hệ thống (System Call), hãy sắp xếp theo đúng thứ tự các bước thực hiện cơ bản từ lúc bắt đầu đến khi hoàn tất:",,1. Chương trình người dùng thực thi lệnh gọi hệ thống -> 2. Chuyển ngữ cảnh sang chế độ Kernel mode -> 3. Kernel xử lý yêu cầu và điều khiển thiết bị I/O -> 4. Trở về chế độ User mode và trả kết quả.,1. Kernel xử lý yêu cầu I/O -> 2. Chương trình người dùng gọi hệ thống -> 3. Chuyển sang Kernel mode -> 4. Trở về User mode.,1. Chuyển ngữ cảnh sang Kernel mode -> 2. Thực thi lệnh gọi hệ thống -> 3. Trở về User mode -> 4. Kernel xử lý thiết bị I/O.,1. Chương trình người dùng gọi hệ thống -> 2. Kernel xử lý I/O -> 3. Trở về User mode -> 4. Chuyển sang Kernel mode.,,"Trình tự chuẩn của System Call: Tiến trình ứng dụng gọi System Call (thường thông qua ngắt mềm), hệ điều hành chuyển sang chế độ Kernel (Kernel mode), Kernel định tuyến và xử lý yêu cầu phần cứng/I/O, sau đó trả quyền điều khiển và chuyển về chế độ người dùng (User mode) kèm theo kết quả."
19,"Các giải pháp đồng bộ hóa: Peterson, TSL & Semaphore (C2.5)",Medium,Multi_Select:2,"(Chọn tất cả đáp án đúng) Trong các phát biểu sau về cơ chế Semaphore và Busy Waiting, những phát biểu nào là chính xác?",,Hàm wait() (hay P/down) trên Semaphore có thể làm cho tiến trình chuyển sang trạng thái chờ (blocked) nếu giá trị của Semaphore sau khi giảm nhỏ hơn 0.,Giá trị tuyệt đối của một Semaphore âm (|S|) biểu thị chính xác số lượng tiến trình hiện đang bị treo (blocked) trong hàng đợi của Semaphore đó.,Các giải pháp Busy Waiting như Spinlock hoàn toàn không tiêu tốn chu kỳ CPU khi các tiến trình đang chờ đợi vào đoạn găng.,Thuật toán Peterson là giải pháp đồng bộ hóa dành riêng cho nhiều hơn 2 tiến trình hoạt động trên hệ thống đơn nhân.,,"Phân tích cơ chế Semaphore và Busy Waiting:
- Hàm wait() (hoặc P/down) giảm giá trị Semaphore. Nếu sau khi giảm mà S < 0, tiến trình bị đưa vào hàng đợi chờ (blocked).
- Giá trị tuyệt đối |S| khi S âm biểu thị chính xác số lượng tiến trình đang bị khóa trong hàng đợi của Semaphore đó.
- Spinlock (Busy Waiting) liên tục thực hiện vòng lặp kiểm tra nên cực kỳ tiêu tốn chu kỳ CPU.
- Thuật toán Peterson kinh điển chỉ được thiết kế dành riêng cho đúng 2 tiến trình."
20,Hợp tác tiến trình & Truyền thông liên tiến trình IPC (C2.4),Trap,Order_Trace,Xét cơ chế truyền thông liên tiến trình (IPC) bằng mô hình Vùng nhớ chia sẻ (Shared Memory). Phát biểu nào sau đây mô tả ĐÚNG NHẤT về trình tự thiết lập và bản chất vận hành của cơ chế này?,,Các tiến trình hợp tác phải xin hệ điều hành cấp phép thiết lập một vùng nhớ chung; sau đó việc đọc/ghi dữ liệu diễn ra trực tiếp qua con trỏ bộ nhớ mà không cần sự can thiệp của các lời gọi hệ thống IPC trong mỗi lần truyền.,Hệ điều hành trực tiếp sao chép dữ liệu từ không gian địa chỉ của tiến trình gửi sang không gian địa chỉ của tiến trình nhận trong mỗi lần gọi hàm gửi/nhận.,Mô hình vùng nhớ chia sẻ bắt buộc phải sử dụng cơ chế hàng đợi thông điệp (Message Queue) ngầm bên trong Kernel để đảm bảo an toàn dữ liệu.,Truyền thông qua vùng nhớ chia sẻ luôn tự động đồng bộ hóa việc truy xuất dữ liệu mà không cần lập trình viên sử dụng Semaphore hay Mutex.,,"Bản chất chuẩn mực của Vùng nhớ chia sẻ (Shared Memory): Hệ điều hành chỉ can thiệp ở bước khởi tạo ban đầu để cấp phép và ánh xạ không gian nhớ chung giữa các tiến trình. Sau khi đã thiết lập xong, các tiến trình đọc/ghi dữ liệu trực tiếp qua con trỏ bộ nhớ trên RAM với tốc độ phần cứng mà KHÔNG cần gọi System Call trong mỗi lần truyền. Các phương án khác sai vì: Việc HĐH trực tiếp sao chép dữ liệu giữa các không gian địa chỉ là của Truyền thông điệp (Message Passing); Shared Memory không dùng Message Queue; và HĐH không tự động đồng bộ hóa mà lập trình viên phải tự quản lý bằng Semaphore hoặc Mutex."
21,Hợp tác tiến trình & Truyền thông liên tiến trình IPC (C2.4),Trap,Concept_Apply,"Trong mô hình truyền thông liên tiến trình (IPC), phát biểu nào sau đây là chính xác nhất khi so sánh giữa hai cơ chế Vùng nhớ chia sẻ (Shared Memory) và Truyền thông điệp (Message Passing)?",,"Vùng nhớ chia sẻ có tốc độ truyền tải dữ liệu nhanh hơn vì sau khi thiết lập, việc trao đổi không cần sự can thiệp của hệ điều hành, trong khi Truyền thông điệp thích hợp hơn cho việc trao đổi các dữ liệu nhỏ và an toàn trên hệ thống phân tán.",Truyền thông điệp có tốc độ cao hơn vùng nhớ chia sẻ do hệ điều hành trực tiếp quản lý bộ đệm trung gian và tối ưu hóa việc sao chép dữ liệu giữa các tiến trình.,Vùng nhớ chia sẻ tự động cung cấp các cơ chế đồng bộ hóa dữ liệu ở mức phần cứng nên lập trình viên không cần sử dụng semaphore hay mutex.,Truyền thông điệp chỉ có thể thực hiện được khi các tiến trình chạy trên cùng một máy tính và chia sẻ chung một không gian địa chỉ vật lý.,,"Vùng nhớ chia sẻ cho phép các tiến trình trao đổi thông tin tốc độ cao do không phải gọi hệ điều hành mỗi khi đọc/ghi, nhưng lập trình viên phải tự quản lý đồng bộ hóa. Truyền thông điệp chậm hơn do cần System Call và cơ chế sao chép của OS, nhưng rất an toàn và phù hợp cho hệ phân tán. Do đó opt1 chính xác, các phương án khác sai về bản chất cơ chế hệ điều hành."
22,"Khái niệm, Định nghĩa & Phân loại Hệ Điều Hành (C1.1)",Trap,Order_Trace,"Xét quá trình tiến hóa và phân loại các hệ thống tính toán từ thô sơ đến hiện đại, hãy xác định thứ tự chính xác của các hệ thống theo chiều từ đơn giản đến phức tạp cao nhất?",,Xử lý theo lô đơn chương (Single-stream batch) -> Xử lý theo lô đa chương (Multiprogrammed batch) -> Hệ thống chia sẻ thời gian (Time-sharing) -> Hệ thống phân tán (Distributed systems),Xử lý theo lô đơn chương -> Hệ thống chia sẻ thời gian -> Xử lý theo lô đa chương -> Hệ thống phân tán,Hệ thống chia sẻ thời gian -> Xử lý theo lô đơn chương -> Xử lý theo lô đa chương -> Hệ thống phân tán,Xử lý theo lô đa chương -> Xử lý theo lô đơn chương -> Hệ thống phân tán -> Hệ thống chia sẻ thời gian,,"Lịch sử phát triển HĐH bắt đầu từ hệ thống xử lý theo lô đơn chương (chạy từng Job độc lập, lãng phí CPU khi I/O), sau đó tiến lên đa chương (Multiprogramming để tối ưu CPU Utilization), tiếp đến là chia sẻ thời gian (Time-sharing hỗ trợ tương tác người dùng đa nhiệm), và phức tạp nhất là hệ thống phân tán kết nối nhiều máy tính độc lập."
23,"Kiến trúc phần cứng, Cơ chế bảo vệ & Chế độ kép Dual-Mode (C2.1)",Medium,Multi_Select:2,"(Chọn tất cả đáp án đúng) Trong cơ chế bảo vệ bộ nhớ phần cứng, để đảm bảo một tiến trình ở User Mode không truy cập trái phép vào vùng nhớ của tiến trình khác hoặc của hệ điều hành, hệ thống sử dụng cặp thanh ghi Base và Limit. Các phát biểu nào sau đây là đúng về cơ chế này?",,Điều kiện kiểm tra phần cứng hợp lệ cho mỗi địa chỉ truy cập là: Base <= Địa chỉ < Base + Limit.,"Các lệnh thay đổi giá trị của thanh ghi Base và Limit là các lệnh đặc quyền (Privileged instructions), chỉ được thực thi ở Kernel Mode.","Nếu tiến trình ở User Mode cố gắng đọc địa chỉ nhỏ hơn Base, phần cứng sẽ cho phép truy cập nhưng cảnh báo vào tệp nhật ký (log) của hệ thống.",Thanh ghi Limit chứa địa chỉ vật lý tuyệt đối lớn nhất mà tiến trình được phép truy cập trong bộ nhớ chính.,,"Phân tích cặp thanh ghi bảo vệ Base và Limit:
- Điều kiện phần cứng hợp lệ bắt buộc là: Base <= Địa chỉ < Base + Limit.
- Các lệnh thay đổi giá trị thanh ghi Base và Limit là lệnh đặc quyền (Privileged Instructions), chỉ được thực thi ở Kernel Mode.
- Khi tiến trình vi phạm địa chỉ bộ nhớ (nhỏ hơn Base hoặc lớn hơn Base + Limit), phần cứng sẽ phát sinh ngắt Trap để bảo vệ, tuyệt đối không cho phép truy cập.
- Thanh ghi Limit lưu độ dài/kích thước phân đoạn bộ nhớ (kích thước khối), chứ không phải địa chỉ vật lý tuyệt đối lớn nhất."
24,"Các giải pháp đồng bộ hóa: Peterson, TSL & Semaphore (C2.5)",Easy,Concept_Apply,"Trong mô hình đồng bộ hóa sử dụng Semaphore với hai thao tác cơ bản wait(S) và signal(S), ý nghĩa của giá trị biến nguyên S khi S < 0 là gì?",,Giá trị tuyệt đối của S (|S|) biểu thị chính xác số lượng tiến trình đang bị khóa (chờ) trong hàng đợi của semaphore đó.,Sẽ có chính xác |S| tiến trình đang được phép truy cập đồng thời vào vùng tranh chấp (Critical Section).,Hệ thống đang gặp lỗi tràn bộ nhớ do tiến trình gọi lệnh wait() quá nhiều lần mà không gọi signal().,Biến S bị lỗi âm do cài đặt sai kiểu dữ liệu nguyên không dấu (unsigned int) trong nhân hệ điều hành.,,"Theo định nghĩa chuẩn của Semaphore, khi S giảm xuống âm qua hàm wait(S), giá trị tuyệt đối |S| chính là số lượng tiến trình đang bị đưa vào trạng thái ngủ (blocked) và xếp trong hàng đợi chờ semaphore."
25,"Cấu trúc Hệ Điều Hành, Dịch vụ & Lời gọi hệ thống (C1.3)",Medium,Multi_Select:2,"(Chọn tất cả đáp án đúng) Khi một chương trình người dùng thực hiện Lời gọi hệ thống (System Call) để yêu cầu hệ điều hành cung cấp dịch vụ, có những phương pháp nào được sử dụng để truyền tham số từ chương trình người dùng vào nhân hệ điều hành (Kernel)?",,Truyền qua các thanh ghi CPU (Registers).,Truyền qua một khối nhớ hoặc bảng nhớ (Block or Table) mà địa chỉ của khối nhớ được lưu trong thanh ghi.,Truyền trực tiếp qua các biến toàn cục được định nghĩa sẵn trong mã nguồn của trình biên dịch phần cứng.,Truyền thông qua các gói tin mạng TCP/IP ngay cả khi tiến trình chạy cục bộ trên một máy đơn.,,"Theo giáo trình Hệ điều hành chuẩn, có 3 phương pháp chính để truyền tham số cho Lời gọi hệ thống (System Call):
1. Truyền trực tiếp qua các thanh ghi CPU (Registers) - phương pháp nhanh nhất nhưng bị giới hạn số lượng tham số.
2. Lưu tham số vào một khối nhớ/bảng nhớ trong RAM (Block/Table) và nạp địa chỉ khối nhớ đó vào một thanh ghi CPU.
3. Đẩy tham số vào ngăn xếp (Stack) của chương trình và để hệ điều hành lấy ra.

Do đó, các phát biểu về truyền qua thanh ghi và truyền qua khối nhớ là hoàn toàn chính xác."
26,Linux_CLI_Commands_Management,Trap,Scenario_Analysis,"Xét chuỗi lệnh sau được thực thi liên tiếp trên terminal Linux:
echo ""OS_Init"" > status.log
echo ""Process_Spawned"" >> status.log
echo ""Ready_Queue"" > status.log

Sau khi chuỗi lệnh trên chạy xong, nội dung tệp status.log là gì?",,Chỉ có một dòng duy nhất: Ready_Queue,"Cả 3 dòng: OS_Init, Process_Spawned, Ready_Queue","Hai dòng: Process_Spawned, Ready_Queue",Tệp bị rỗng do xung đột ghi đè giữa hai toán tử chuyển hướng,,"Phân tích cơ chế chuyển hướng I/O trong Linux:
- Toán tử '>' là chuyển hướng đầu ra với cơ chế ghi đè (overwrite/truncate).
- Toán tử '>>' là ghi nối tiếp vào cuối tệp (append).

Diễn biến thực thi:
1. Lệnh 1 ghi 'OS_Init' vào status.log.
2. Lệnh 2 nối thêm dòng 'Process_Spawned'.
3. Lệnh 3 dùng toán tử '>' nên hệ điều hành xóa toàn bộ nội dung cũ trong status.log và ghi đè lại dòng 'Ready_Queue'.

Do đó nội dung cuối cùng của tệp chỉ có duy nhất một dòng là: Ready_Queue."
27,Linux_CLI_Commands_Management,Medium,Concept_Apply,"Trong hệ điều hành Linux, khi một tiến trình ngốn CPU bị treo vô hạn và không phản hồi yêu cầu tắt thông thường, người quản trị cần sử dụng lệnh kill với tín hiệu nào để cưỡng chế hủy diệt tiến trình ngay lập tức mà tiến trình đó KHÔNG THỂ bắt (catch) hoặc bỏ qua (ignore)?",,kill -9 <PID> (hoặc kill -SIGKILL <PID>),kill -15 <PID> (hoặc kill -SIGTERM <PID>),kill -1 <PID> (hoặc kill -SIGHUP <PID>),kill -STOP <PID>,,"Lệnh kill mặc định (không cờ hoặc -15 / SIGTERM) gửi yêu cầu chấm dứt lịch sự, tiến trình có thể tự định nghĩa hàm xử lý để bỏ qua hoặc trì hoãn. Chỉ có tín hiệu SIGKILL (tương ứng với mã 9: kill -9) là tín hiệu phần cứng/kernel bắt buộc tiến trình phải kết thúc ngay lập tức, không một tiến trình nào có thể bắt hoặc chặn tín hiệu này. Tín hiệu STOP chỉ tạm dừng chứ không tiêu diệt tiến trình."
28,Linux_CLI_Commands_Management,Calculation,Calculation,"Một tệp kịch bản thực thi run_task.sh cần được phân quyền trong Linux sao cho: Chủ sở hữu (User) có toàn quyền đọc, ghi, thực thi; các thành viên trong nhóm (Group) và những người dùng khác (Others) chỉ có quyền đọc và thực thi (không được phép sửa đổi tệp). Lệnh phân quyền bằng số bát phân (Octal) nào sau đây là CHÍNH XÁC?",,chmod 755 run_task.sh,chmod 777 run_task.sh,chmod 644 run_task.sh,chmod 764 run_task.sh,,"Quy ước quyền trong Linux theo hệ nhị phân/bát phân: Đọc (r) = 4, Ghi (w) = 2, Thực thi (x) = 1. Với User cần r+w+x = 4+2+1 = 7. Với Group cần r+x = 4+1 = 5. Với Others cần r+x = 4+1 = 5. Ghép 3 chữ số theo thứ tự User-Group-Others ta được mã quyền 755. Mã 777 cấp quyền ghi cho tất cả mọi người (mất an toàn), mã 644 không có quyền thực thi (x), mã 764 cấp quyền ghi cho nhóm."
29,Linux_CLI_Commands_Management,Medium,Error_Check,"Trong môi trường dòng lệnh Linux (Bash Shell), phát biểu nào sau đây là ĐÚNG NHẤT về cơ chế ống dẫn (Pipe |) và quản lý tiến trình nền (Background)?",,"Ống dẫn (|) chuyển trực tiếp luồng đầu ra tiêu chuẩn (stdout) của lệnh phía trước thành luồng đầu vào tiêu chuẩn (stdin) của lệnh phía sau, và dấu & ở cuối câu lệnh dùng để chạy tiến trình dưới nền.",Ống dẫn (|) lưu toàn bộ dữ liệu tạm thời ra một tệp vật lý trên đĩa cứng rồi mới truyền cho tiến trình tiếp theo đọc.,Dấu & ở cuối dòng lệnh có tác dụng tạm dừng (freeze) tiến trình hiện tại để nhường toàn bộ CPU cho tiến trình mới.,Ống dẫn (|) chỉ có thể kết nối giữa các tiến trình có cùng chung quyền sở hữu của tài khoản root.,,"Ống dẫn Pipe (|) là cơ chế IPC trung gian của hệ điều hành, ánh xạ stdout của lệnh bên trái sang stdin của lệnh bên phải mà không cần lưu qua đĩa vật lý. Thêm ký tự '&' vào cuối dòng lệnh (ví dụ: sleep 10 &) sẽ đưa tiến trình vào chạy nền (background), trả lại dấu nhắc lệnh terminal ngay lập tức cho người dùng tiếp tục thao tác."
30,Linux_CLI_Commands_Management,Medium,Multi_Select:2,"(Chọn tất cả đáp án đúng) Trong quản trị hệ thống và điều tra tiến trình trên Linux, các phát biểu nào sau đây là ĐÚNG về các công cụ giám sát tiến trình ps, pstree và top?",,Lệnh pstree hiển thị các tiến trình đang chạy trong hệ thống dưới dạng cấu trúc cây phân cấp (Process Tree) thể hiện rõ quan hệ tiến trình cha - con.,Lệnh ps với tùy chọn -o cho phép người dùng tùy biến hiển thị các trường thông tin cụ thể của tiến trình như PPID (tiến trình cha) và PID (tiến trình con).,Lệnh top chỉ chụp ảnh tĩnh trạng thái tiến trình tại thời điểm gõ lệnh và tự động thoát ngay lập tức mà không cập nhật liên tục.,Lệnh ps hoàn toàn không thể hiển thị các tiến trình chạy ngầm của hệ điều hành hay các Daemon.,,"Phân tích các lệnh quản lý tiến trình trên Linux:
- Lệnh 'pstree' hiển thị các tiến trình dưới dạng cây phân cấp (Process Tree) thể hiện trực quan quan hệ cha - con.
- Lệnh 'ps -o' (ví dụ: ps -eo pid,ppid,comm) cho phép người dùng tùy biến hiển thị chính xác các cột thông tin mong muốn.
- Lệnh 'top' là công cụ tương tác theo thời gian thực (cập nhật liên tục mỗi vài giây), trong khi 'ps' mới là lệnh chụp ảnh tĩnh tại thời điểm gõ.
- Lệnh 'ps' hoàn toàn hiển thị được các tiến trình chạy ngầm và Daemon hệ thống (thông qua tùy chọn 'ps -ef' hoặc 'ps aux')."
31,Linux_CLI_Commands_Management,Medium,Error_Check,"Giả sử trong hệ thống file của Linux, ta có cây thư mục sau:

/
|-- home
|   |-- userx
|   |   |-- Pictures
|   |   |   |-- Dog
|   |   |   |-- Cat
|   |   |-- Documents
|-- var

Nếu hiện tại thư mục hiện hành là /home/userx/Pictures/Cat, muốn thay đổi thư mục hiện hành sang Dog thì câu lệnh nào sau đây là sai?",,cd /Pictures/Dog,cd ~/Pictures/Dog,cd ../Dog,cd /home/userx/Pictures/Dog,,"Để chuyển từ thư mục hiện hành '/home/userx/Pictures/Cat' sang thư mục '/home/userx/Pictures/Dog':
- Lệnh 'cd ../Dog' sử dụng đường dẫn tương đối: '..' di chuyển lên thư mục cha là '/home/userx/Pictures', sau đó đi vào 'Dog', lệnh này đúng.
- Lệnh 'cd ~/Pictures/Dog' sử dụng ký tự '~' đại diện cho thư mục home của người dùng hiện tại (thường là '/home/userx'), tương đương với '/home/userx/Pictures/Dog', lệnh này đúng.
- Lệnh 'cd /home/userx/Pictures/Dog' sử dụng đường dẫn tuyệt đối chính xác từ thư mục gốc, lệnh này đúng.
- Lệnh 'cd /Pictures/Dog' bắt đầu bằng dấu '/' đại diện cho thư mục gốc root, hệ thống sẽ tìm thư mục 'Pictures' trực tiếp dưới thư mục gốc (tức là '/Pictures/Dog'). Tuy nhiên, trong cây thư mục không tồn tại đường dẫn này (thư mục 'Pictures' nằm trong '/home/userx/'), do đó lệnh này bị sai và hệ thống sẽ báo lỗi 'No such file or directory'."
32,Hardware_Protection_DualMode,Medium,Multi_Select:2,Phát biểu nào sau đây là đúng?,,"Các thành phần cơ bản Hệ điều hành hầu hết là phần mềm, chạy thực thiện ở chế độ kernel.",Phần còn lại của Hệ điều hành là phần mềm chạy thực thi ở chế độ user.,User interface programm chạy thực hiện ở chế độ kernel.,Web browser chạy thực hiện ở chế độ kernel.,,"Trong kiến trúc hệ điều hành, cơ chế Dual-mode phân chia hoạt động thành chế độ người dùng (user mode) và chế độ giám sát (kernel mode). Nhân (kernel) là thành phần cốt lõi của hệ điều hành, chạy ở chế độ kernel để thực hiện các chỉ thị đặc quyền và quản lý phần cứng trực tiếp. Các thành phần tiện ích đi kèm hệ điều hành (như shell, GUI) chạy ở chế độ user để tránh gây sập toàn bộ hệ thống khi xảy ra lỗi. Các ứng dụng người dùng như Web browser hay User Interface program bắt buộc phải chạy ở chế độ user."
33,OS_Overview_Classification,Easy,Multi_Select:4,Phát biểu nào về Hệ điều hành là đúng?,,"Một Hệ điều hành bao gồm kernel là nhân và các thành phần khác như giao diện user, quản lý hệ thống file, các dịch vụ mạng và các ứng dụng tiện ích khác cho phép các user tương tác với hệ thống.","Hệ điều hành điều khiển các task như chạy thực hiện programs, truy cập file và kết nối đến đến các thiết bị như máy in, bàn phím, màn hình.",Quản lý khả năng ổn định của hệ thống và ngăn chặn truy cập tài nguyên bất hợp pháp.,Cung cấp các thư viện cho user khi cần.,,"Tất cả các phát biểu trên đều mô tả chính xác các khía cạnh và chức năng của Hệ điều hành:
- Về mặt cấu trúc: Hệ điều hành bao gồm phần nhân (kernel) và các dịch vụ, tiện ích đi kèm để người dùng tương tác.
- Về mặt chức năng điều khiển: Hệ điều hành quản lý việc thực thi chương trình, truy cập file và điều khiển các thiết bị ngoại vi.
- Về mặt an ninh và ổn định: Hệ điều hành bảo vệ tài nguyên hệ thống khỏi các truy cập trái phép và duy trì sự ổn định của toàn hệ thống.
- Về mặt hỗ trợ phát triển: Hệ điều hành cung cấp các thư viện hệ thống (API) để hỗ trợ lập trình viên và người dùng khi cần tương tác với phần cứng."
34,CPU_Scheduling_Algorithms_Gantt,Trap,Calculation,"Giả sử có 3 Tiến trình P0, P1, P2 với Arrival Time, Burst Time, Priority (0 là ưu tiên nhất), không có Tiến trình nào Blocked như sau:

| Process | Arrival time | Burst Time | Priority |
| :--- | :--- | :--- | :--- |
| P0 | 0 ms | 9 ms | 1 |
| P1 | 1 ms | 4 ms | 0 |
| P2 | 2 ms | 9 ms | 2 |

Nếu Hệ điều hành sử dụng thuật toán lập lịch Round Robin, với quantum=4ms. Hỏi P0 kết thúc ở thời điểm nào? (Lưu ý: Đề bài gốc có sự nhầm lẫn giữa thuật toán Round Robin và Preemptive Priority, hãy chọn đáp án khớp với logic thiết kế đề của hệ thống).",,13,9,1,5,,"Phân tích chi tiết theo hai hướng để làm rõ lỗi đề bài và tìm ra đáp án được công nhận:

1. Nếu chạy theo đúng thuật toán Round Robin (quantum = 4ms):
- t = 0: P0 chạy.
- t = 1: P1 đến. Ready queue: [P1]
- t = 2: P2 đến. Ready queue: [P1, P2]
- t = 4: P0 hết quantum (còn 5ms), xếp vào cuối hàng đợi. Ready queue: [P1, P2, P0]
- t = 4 -> 8: P1 chạy và hoàn thành tại t = 8. Ready queue: [P2, P0]
- t = 8 -> 12: P2 chạy (còn 5ms). Ready queue: [P0, P2]
- t = 12 -> 16: P0 chạy (còn 1ms). Ready queue: [P2, P0]
- t = 16 -> 20: P2 chạy (còn 1ms). Ready queue: [P0, P2]
- t = 20 -> 21: P0 chạy nốt 1ms và hoàn thành tại t = 21.
Tuy nhiên, phương án 21 không xuất hiện trong các lựa chọn.

2. Nếu chạy theo thuật toán Preemptive Priority (Độ ưu tiên độc quyền - phù hợp với việc đề bài cung cấp cột Priority):
- t = 0: P0 bắt đầu chạy.
- t = 1: P1 đến. Vì Priority của P1 (0) cao hơn P0 (1), P1 cướp CPU. P0 đã chạy được 1ms, còn lại 8ms.
- t = 1 -> 5: P1 chạy hết 4ms và hoàn thành tại t = 5.
- t = 2: P2 đến (Priority 2), xếp vào hàng đợi.
- t = 5: P1 kết thúc. CPU so sánh độ ưu tiên giữa P0 (1) và P2 (2). P0 được chọn chạy tiếp.
- t = 5 -> 13: P0 chạy hết 8ms còn lại và hoàn thành tại t = 13.
Kết quả này hoàn toàn trùng khớp với đáp án 13 trong các lựa chọn của đề thi."
35,CPU_Scheduling_Algorithms_Gantt,Medium,Calculation,"Giả sử rằng có 3 Tiến trình yêu cầu theo thứ tự cần 10, 20, 30 ms để chạy thực hiện và đến Ready List ở các thời điểm 0, 2, 6. Hỏi có bao nhiêu lần chuyển đổi ngữ cảnh nếu Hệ điều hành thực hiện thuật toán lập lịch SRTF? Không tính chuyển đổi ở thời điểm 0 và thời điểm kết thúc.",,2,1,3,4,,"Phân tích quá trình lập lịch SRTF (Shortest Remaining Time First):
- Ký hiệu 3 tiến trình là P1 (Burst = 10ms, Arrival = 0ms), P2 (Burst = 20ms, Arrival = 2ms), P3 (Burst = 30ms, Arrival = 6ms).
- t = 0: Chỉ có P1 trong hệ thống, P1 được cấp CPU.
- t = 2: P2 đến. Thời gian còn lại của P1 là 10 - 2 = 8ms. So sánh: P1 (8ms) < P2 (20ms) -> P1 tiếp tục chạy.
- t = 6: P3 đến. Thời gian còn lại của P1 là 8 - 4 = 4ms. So sánh: P1 (4ms) < P2 (20ms) < P3 (30ms) -> P1 tiếp tục chạy.
- t = 10: P1 hoàn thành. Hệ thống chọn tiến trình có thời gian còn lại ngắn nhất là P2 (20ms) so với P3 (30ms). Xảy ra chuyển đổi ngữ cảnh từ P1 sang P2 (Lần 1).
- t = 10 -> 30: P2 chạy liên tục và hoàn thành tại t = 30. Hệ thống chuyển sang chạy P3. Xảy ra chuyển đổi ngữ cảnh từ P2 sang P3 (Lần 2).
- t = 30 -> 60: P3 chạy và hoàn thành tại t = 60.

Theo yêu cầu đề bài không tính chuyển đổi ở thời điểm bắt đầu (t = 0) và kết thúc (t = 60), tổng số lần chuyển đổi ngữ cảnh là 2 lần (tại t = 10 và t = 30)."
36,OS_Overview_Classification,Medium,Multi_Select:3,Các vấn đề mà chúng ta đối mặt khi máy tính không có Hệ điều hành là gì?,,"Không có File System, không có Networking.","Thiếu User Interface, khả năng điều khiển lỗi kém.",Quản lý tài nguyên máy tính nghèo nàn.,Tất cả đáp án đều sai.,,"Khi máy tính không có Hệ điều hành (HĐH), người dùng hoặc lập trình viên phải tự tương tác trực tiếp với phần cứng ở mức thấp nhất. Do đó, hệ thống sẽ đối mặt với các vấn đề nghiêm trọng: không có các dịch vụ trừu tượng hóa phần cứng như hệ thống tập tin (File System) hay giao thức mạng (Networking); thiếu giao diện người dùng (User Interface) thân thiện để tương tác; khả năng phát hiện và xử lý lỗi phần cứng/phần mềm cực kỳ kém; và việc quản lý, phân phối các tài nguyên phần cứng (CPU, bộ nhớ, thiết bị ngoại vi) trở nên vô cùng khó khăn và nghèo nàn."
37,OS_Concepts_Resources_Shell,Easy,Multi_Select:3,Chức năng của Kernel của Hệ điều hành:,,Quản lý Hệ thống File; Điều khiển truy cập và Security.,Quản lý Bộ nhớ; Quản lý Thiết bị; Điều khiển lỗi.,Quản lý Tiến trình; Lập lịch Tiến trình; Cân bằng hệ thống.,Không có đáp án nào đúng.,,"Kernel (nhân) là thành phần cốt lõi, chạy ở chế độ đặc quyền của Hệ điều hành. Nó chịu trách nhiệm quản lý toàn bộ tài nguyên hệ thống bao gồm: quản lý tiến trình và lập lịch CPU; quản lý bộ nhớ vật lý và bộ nhớ ảo; quản lý các thiết bị ngoại vi thông qua trình điều khiển; quản lý hệ thống tập tin; kiểm soát truy cập, bảo mật hệ thống; và giám sát, xử lý các lỗi hệ thống phát sinh."
38,Process_Operations_Tree_Fork,Trap,Multi_Select:2,Giả sử Tiến trình Cha gọi lời gọi hệ thống fork() để tạo ra Tiến trình con. Tiến trình Cha kết thúc tiến trình con liên quan đến các lý do sau:,,Tiến trình con yêu cầu nhiều tài nguyên hơn giới hạn của nó.,Nhiệm vụ được giao cho Tiến trình con không còn cần thiết nữa.,Tiến trình Cha gọi lời gọi hệ thống kill() để kết thúc tiến trình con.,Tiến trình Cha gửi tín hiệu đặc biệt SIGKILL để hủy tiến trình con.,,"Theo lý thuyết chuẩn về quản lý tiến trình (Process Termination trong giáo trình Silberschatz), một tiến trình cha có thể chủ động chấm dứt (terminate) tiến trình con vì các lý do logic sau: (1) Tiến trình con đã vượt quá lượng tài nguyên được cấp phát (The child has exceeded its usage of some of the resources); (2) Nhiệm vụ giao cho tiến trình con không còn cần thiết cho mục đích của hệ thống nữa (The task assigned to the child is no longer required). Các phương án như gọi kill() hay gửi SIGKILL là phương thức/cơ chế kỹ thuật để thực hiện việc hủy, không phải là 'lý do' (reasons) dẫn đến quyết định kết thúc."
39,Process_Concepts_PCB_Lifecycle,Medium,Multi_Select:2,Chọn phát biểu đúng về Process Table (PT)?,,PT là cấu trúc dữ liệu chứa entry cho Process Control Block (PCB) của mỗi Tiến trình.,PT không chỉ giới hạn ID và tham chiếu đến PCB mà trong một số HĐH vai trò chính của nó là ánh xạ PID đến PCB tương ứng.,PT chứa toàn bộ thông tin của Tiến trình để tăng khả năng truy cập.,PT không được sử dụng bởi tool giám sát của Hệ điều hành.,,"Bảng tiến trình (Process Table) là một cấu trúc dữ liệu quản lý của hệ điều hành, chứa các entry (mục nhập) trỏ đến hoặc chứa trực tiếp khối điều khiển tiến trình (PCB) của mỗi tiến trình đang hoạt động. Vai trò chính của nó là giúp hệ điều hành ánh xạ nhanh chóng từ mã định danh tiến trình (PID) sang PCB tương ứng. PT không chứa toàn bộ thông tin của tiến trình (vì không gian địa chỉ, mã nguồn, dữ liệu của tiến trình nằm ở vùng nhớ riêng biệt) và PT bắt buộc phải được các công cụ giám sát hệ thống (như ps, top) truy cập để lấy thông tin hiển thị."
40,Process_Concepts_PCB_Lifecycle,Medium,Multi_Select:2,"Các dịch vụ background được biết như các tiến trình daemon của Hệ điều hành, gồm:",,Printing services; Graphical display manager.,Networking services; Security services.,GRUB,LILO,,"Các tiến trình daemon (daemon processes) là các tiến trình chạy ngầm (background) trong hệ điều hành để thực hiện các nhiệm vụ hệ thống liên tục mà không cần sự tương tác trực tiếp của người dùng. Ví dụ tiêu biểu bao gồm dịch vụ in ấn (Printing services), trình quản lý hiển thị đồ họa (Graphical display manager), dịch vụ mạng (Networking services) và dịch vụ bảo mật (Security services). Trong khi đó, GRUB và LILO là các trình quản lý khởi động (bootloaders), chỉ hoạt động trong quá trình khởi động máy tính trước khi hệ điều hành được nạp hoàn toàn vào bộ nhớ, do đó chúng không phải là các tiến trình daemon."
41,Process_Concepts_PCB_Lifecycle,Easy,Concept_Apply,"Các tiến trình chạy ở chế độ background để điều khiển một số các hoạt động như email, các trang Web, in ấn được gọi là ___________.",,daemon processes,interrupts,forks,system calls,,"Các tiến trình chạy ngầm (background) trong hệ điều hành để quản lý và cung cấp các dịch vụ hệ thống liên tục (như máy chủ web, dịch vụ email, dịch vụ in ấn) được gọi là các tiến trình daemon (daemon processes). Các khái niệm khác như interrupts (ngắt), forks (lời gọi hệ thống tạo tiến trình con), và system calls (lời gọi hệ thống) là các cơ chế hoạt động của hệ điều hành chứ không phải là tên gọi của loại tiến trình này."
42,Hardware_Protection_DualMode,Medium,Multi_Select:3,Phát biểu nào sau đây là đúng?,,Hầu hết các computer đều có 2 chế độ làm việc: kernel mode và user mode.,Các task chạy ở chế độ kernel mode có thể truy cập đến tất cả phần cứng của máy.,Chế độ kernel mode có thể thực thi bất kỳ instructions machine.,Chế độ user mode còn được gọi là supervisor mode.,,"Trong kiến trúc máy tính hiện đại, cơ chế bảo vệ dual-mode chia làm hai chế độ hoạt động chính: kernel mode (chế độ đặc quyền) và user mode (chế độ người dùng). 
- Phát biểu 'Hầu hết các computer đều có 2 chế độ làm việc: kernel mode và user mode' là đúng.
- Phát biểu 'Các task chạy ở chế độ kernel mode có thể truy cập đến tất cả phần cứng của máy' là đúng vì kernel mode có toàn quyền kiểm soát phần cứng.
- Phát biểu 'Chế độ kernel mode có thể thực thi bất kỳ instructions machine' là đúng vì nó được phép thực thi các chỉ thị đặc quyền (privileged instructions).
- Phát biểu 'Chế độ user mode còn được gọi là supervisor mode' là sai, vì supervisor mode (hoặc privileged mode) là tên gọi khác của kernel mode."
43,Kernel_Architectures_Models,Medium,Concept_Apply,Đối với các Hệ điều hành có kiến trúc Microkernel. Công việc của Kernel:,,"Thực hiện chuyển đổi ngữ cảnh khi cần, như scheduler pick process/thread để cho phép multitasking.",Chạy tất cả các dịch vụ của Hệ điều hành.,"Thực thi các thao tác được yêu cầu như I/O, khởi tạo Tiến trình, cấp phát bộ nhớ.",Thực hiện giao tiếp giữa phần cứng với các ứng dụng của user.,,"Trong kiến trúc Microkernel (nhân siêu nhỏ), hầu hết các dịch vụ không thiết yếu của hệ điều hành (như hệ thống tập tin, trình điều khiển thiết bị) được chuyển ra ngoài không gian người dùng (user space) dưới dạng các server. Nhân chỉ giữ lại các chức năng tối thiểu và cốt lõi nhất bao gồm: quản lý bộ nhớ cơ bản, cơ chế truyền thông điệp (IPC), và lập lịch tiến trình/luồng (scheduling). Do đó, việc thực hiện chuyển đổi ngữ cảnh (context switching) khi bộ lập lịch lựa chọn tiến trình/luồng để thực thi đa nhiệm là một trong những nhiệm vụ cơ bản và bắt buộc phải nằm trong Microkernel."
44,Hardware_Protection_DualMode,Medium,Multi_Select:3,Phát biểu nào sau đây là đúng?,,Các task chạy ở chế độ kernel mode có thể truy cập đến tất cả phần cứng của máy.,Chế độ kernel mode có thể thực thi bất kỳ instructions machine.,Hầu hết các computer đều có 2 chế độ làm việc: kernel mode và user mode.,Chế độ user mode còn được gọi là supervisor mode.,,"Chế độ Kernel mode (còn gọi là supervisor mode, privileged mode, system mode) cho phép thực thi tất cả các tập lệnh của CPU (bao gồm các chỉ lệnh đặc quyền - privileged instructions) và có toàn quyền truy cập trực tiếp vào toàn bộ tài nguyên phần cứng của máy. Để bảo vệ hệ thống khỏi các tác vụ lỗi hoặc phá hoại, hầu hết các kiến trúc máy tính hiện đại đều hỗ trợ tối thiểu hai chế độ hoạt động (Dual-mode): User mode và Kernel mode. Do đó, việc gọi User mode là supervisor mode là hoàn toàn sai, vì supervisor mode chính là Kernel mode."
45,IPC_Cooperation_Mechanisms,Easy,Concept_Apply,"Trong cấu trúc Hệ điều hành, mô hình Client-Server giao tiếp giữa các tiến trình Clients và các tiến trình Servers thường bằng ________.",,message passing,shared memory,mapped memory,interrupt,,"Trong mô hình Client-Server (đặc biệt là trong kiến trúc Microkernel), các tiến trình Client và Server chạy ở các không gian địa chỉ độc lập để đảm bảo tính an toàn và cô lập. Do đó, chúng không thể truy cập trực tiếp vào bộ nhớ của nhau. Cơ chế giao tiếp phổ biến và tự nhiên nhất giữa chúng là truyền thông điệp (message passing), thông qua các system call gửi/nhận thông điệp do Kernel hỗ trợ."
46,CPU_Scheduling_Algorithms_Gantt,Medium,Multi_Select:2,"Giả sử hiện tại có 3 tiến trình A, B, C đang chờ lập lịch. A có 3 thread (A1, A2, A3); B có 2 thread (B1, B2); C có 4 thread (C1, C2, C3, C4). Quantum=20ms, mỗi thread=5ms. Hỏi thứ tự lập lịch trong user thread có thể là:",,"A1,A2,A3,A1,B1,B2,B1,B2,C1,C2,C3,C4,...","B1,B2,B1,B2,C1,C2,C3,C4,A1,A2,A3,A1,...","B1,B2,A1,A2,C1,C2,A3,A1,B1,B2,C3,C4,...","A1,B1,A2,B2,C1,C2,C3,C4,A3,A1,B1,B2,...",,"Đối với User-Level Threads (ULT), Hệ điều hành không hề biết đến sự tồn tại của các thread bên trong tiến trình. Hệ điều hành chỉ lập lịch cho bản thân các tiến trình (A, B, C) theo thuật toán Round Robin với Quantum = 20ms. Khi một tiến trình được cấp CPU, thư viện quản lý thread ở mức người dùng (User-level thread library) sẽ tự điều phối các thread của nó. Vì mỗi thread chạy mất 5ms, trong một quantum 20ms của tiến trình, thư viện này sẽ chạy liên tục 4 lượt thread của chính tiến trình đó trước khi tiến trình bị hết quantum và bị HĐH thu hồi CPU. Do đó, các thread của cùng một tiến trình phải chạy liên tục thành các nhóm 4 phần tử (ví dụ: 4 thread của A, rồi đến 4 thread của B, rồi đến 4 thread của C). Các chuỗi thỏa mãn điều kiện này là: 'A1,A2,A3,A1,B1,B2,B1,B2,C1,C2,C3,C4,...' và 'B1,B2,B1,B2,C1,C2,C3,C4,A1,A2,A3,A1,...'."
47,OS_Structures_Services_SystemCalls,Medium,Multi_Select:3,System call là gì?,,Là cách mà chương trình tương tác với Hệ điều hành.,Cung cấp các dịch vụ của hệ điều hành cho chương trình của người dùng.,"Nếu không có system call, mỗi chương trình sẽ có riêng cách truy cập đến phần cứng, thực hiện hệ thống không nhất quán và dễ mắc lỗi.",Là thư viện của các ngôn ngữ lập trình.,,"System call (Lời gọi hệ thống) đóng vai trò là giao diện (interface) giữa chương trình đang chạy và Hệ điều hành, cho phép chương trình yêu cầu các dịch vụ từ HĐH. Nếu không có system call làm trung gian quản lý, các chương trình người dùng sẽ phải tự truy cập trực tiếp phần cứng, dẫn đến mất an toàn, không nhất quán và dễ gây lỗi hệ thống. System call không phải là thư viện của ngôn ngữ lập trình (mặc dù các thư viện ngôn ngữ thường bao bọc - wrap - các system call để lập trình viên dễ sử dụng)."
48,Hardware_Protection_DualMode,Easy,Concept_Apply,Phát biểu nào sau nói về Processor là không đúng?,,Một processor x86-64 có thể thực thi các chương trình ARM và một ARM có thể thực thi các chương trình x86-64.,"Một chu kỳ cơ bản của mỗi CPU là nạp lệnh đầu tiên từ memory, giải mã để xác định kiểu và các toán hạng, thực thi nó, và sau đó nạp, giải mã và thực thi các chỉ lệnh tiếp theo.",Tất cả các CPU đều chứa một số các thanh ghi trong để lưu giữ các biến key và các kết quả tạm thời của chương trình.,Mỗi CPU có một tập các instrution riêng biệt mà nó có thể thực hiện.,,"Mỗi kiến trúc vi xử lý (như x86-64 hay ARM) có một Tập lệnh (Instruction Set Architecture - ISA) hoàn toàn khác nhau. Do đó, một bộ vi xử lý x86-64 không thể thực thi trực tiếp mã máy của ARM và ngược lại (trừ khi sử dụng các trình biên dịch động hoặc giả lập phần mềm như QEMU, Rosetta, nhưng về mặt phần cứng thuần túy thì không thể)."
49,Process_Concepts_PCB_Lifecycle,Medium,Multi_Select:3,Phát biểu nào sau đây là đúng?,,Thanh ghi program counter chứa địa chỉ bộ nhớ của câu lệnh tiếp theo cần được nạp.,Thanh ghi stack pointer mà CPU sử dụng để trỏ đến đỉnh của stack current trong bộ nhớ.,"Khi hệ điều hành tạm dừng một chương trình đang chạy để chuyển sang chạy một chương trình khác, hệ điều hành phải save tất cả các thanh ghi.",Hệ điều hành không cần phải biết tất cả các thanh ghi của CPU.,,"Các phát biểu đúng bao gồm:
1. Thanh ghi Program Counter (PC) luôn lưu trữ địa chỉ của lệnh tiếp theo sẽ được nạp và thực thi.
2. Thanh ghi Stack Pointer (SP) trỏ tới đỉnh của vùng nhớ stack hiện tại của tiến trình.
3. Khi thực hiện chuyển ngữ cảnh (context switch), Hệ điều hành bắt buộc phải lưu lại toàn bộ trạng thái của các thanh ghi CPU của tiến trình cũ vào PCB (Process Control Block) để có thể khôi phục chính xác trạng thái khi tiến trình đó được chạy lại sau này. Do đó, HĐH bắt buộc phải biết tất cả các thanh ghi của CPU."
50,CPU_Scheduling_Algorithms_Gantt,Medium,Calculation,"Một Hệ điều hành sử dụng thuật toán lập lịch Shortest Remaining Time First (SRTF). Giả sử thời điểm đến và thời gian đốt cháy CPU như sau và không có tiến trình nào Blocked:

| Process | Burst Time | Arrival Time |
| :--- | :--- | :--- |
| P1 | 20 ms | 0 ms |
| P2 | 25 ms | 15 ms |
| P3 | 10 ms | 30 ms |
| P4 | 15 ms | 45 ms |

Hỏi Tiến trình P2 kết thúc ở ms thứ mấy?",,55,40,15,5,,"Theo thuật toán SRTF (tiền định/preemptive SJF):
- Thời điểm t = 0: P1 đến với Burst = 20. P1 chạy.
- Thời điểm t = 15: P2 đến với Burst = 25. Thời gian còn lại của P1 là 20 - 15 = 5 ms. Do 5 < 25 nên P1 tiếp tục thực thi.
- Thời điểm t = 20: P1 hoàn thành. Hệ thống chỉ có P2 đang đợi (Burst còn 25). P2 bắt đầu chạy từ t = 20.
- Thời điểm t = 30: P3 đến với Burst = 10. Lúc này P2 đã chạy được 10 ms (từ 20 đến 30), thời gian còn lại của P2 là 25 - 10 = 15 ms. So sánh: Remaining(P3) = 10 ms < Remaining(P2) = 15 ms, do đó P3 cướp quyền CPU của P2. P3 bắt đầu chạy.
- Thời điểm t = 40: P3 hoàn thành (chạy 10 ms từ 30 đến 40). Lúc này chỉ có P2 trong hàng đợi với Remaining = 15 ms. P2 được cấp phát CPU và tiếp tục chạy từ t = 40.
- Thời điểm t = 45: P4 đến với Burst = 15 ms. Lúc này P2 đã chạy thêm được 5 ms (từ 40 đến 45), thời gian còn lại của P2 là 15 - 5 = 10 ms. So sánh: Remaining(P2) = 10 ms < Remaining(P4) = 15 ms, nên P2 tiếp tục chạy.
- Thời điểm t = 55: P2 chạy thêm 10 ms nữa và chính thức hoàn thành.
Vậy tiến trình P2 kết thúc ở thời điểm 55 ms."
51,CPU_Scheduling_Algorithms_Gantt,Easy,Multi_Select:2,Các thuật toán lập lịch CPU nào sau đây thuộc kiểu lập lịch không độc quyền (Preemptive)?,,"SRTF, Round Robbin.",Priority Scheduling.,FCFS,Không có thuật toán nào.,,"Trong lập lịch CPU:
- FCFS luôn là thuật toán độc quyền (non-preemptive).
- Round Robin (RR) và SRTF (Shortest Remaining Time First) là các thuật toán không độc quyền (preemptive).
- Priority Scheduling có thể triển khai dưới dạng preemptive hoặc non-preemptive, do đó nó thuộc nhóm các thuật toán có kiểu preemptive."
52,Process_Concepts_PCB_Lifecycle,Medium,Order_Trace,"Chỉ ra thứ tự mà Hệ điều hành phải thực hiện khi tạo lập Tiến trình?
1. Gán PID cho Tiến trình, chèn một entry mới trong Bảng Tiến trình.
2. Khởi tạo các giá trị cho PCB.
3. Yêu cầu không gian bộ nhớ cho các thành phần của Tiến trình như program, data, và stack, không gian cho PCB.",,1 -> 3 -> 2,2 -> 3 -> 1,2 -> 1 -> 3,1 -> 2 -> 3,,"Quy trình chuẩn khi Hệ điều hành tạo một tiến trình mới:
- Bước 1: Gán mã định danh duy nhất (PID) cho tiến trình mới và thêm một mục mới vào Bảng tiến trình (Process Table).
- Bước 2: Cấp phát/yêu cầu không gian nhớ cho tiến trình (không gian địa chỉ gồm mã lệnh, dữ liệu, stack và cấu trúc PCB).
- Bước 3: Khởi tạo các trường giá trị trong Khối quản lý tiến trình (PCB) như thanh ghi, trạng thái ban đầu, con trỏ ngăn xếp, mức ưu tiên..."
53,OS_Structures_Services_SystemCalls,Medium,Concept_Apply,Hệ điều hành Win32 không cung cấp system call link.,,True,False,,,,Hàm hệ thống `link()` dùng để tạo liên kết cứng (hard link) là lời gọi hệ thống chuẩn của hệ điều hành UNIX/POSIX. Windows Win32 API sử dụng hàm riêng biệt là `CreateHardLink()` thay vì cung cấp system call có tên `link`.
54,Process_Concepts_PCB_Lifecycle,Medium,Multi_Select:2,Khi Tiến trình kết thúc:,,Processes Management thu hồi PID của Tiến trình.,Tiến trình không còn trong Ready List.,Processes Management kiểm tra trạng thái của Tiến trình.,Processes Management cập nhật thời gian đã sử dụng CPU của Tiến trình.,,"Khi tiến trình chấm dứt (Terminated):
- Bộ quản lý tiến trình (Process Management) sẽ giải phóng tài nguyên, hủy PCB và thu hồi PID để tái sử dụng.
- Tiến trình đã kết thúc thì chắc chắn không còn tồn tại trong danh sách sẵn sàng (Ready List)."
55,OS_Structures_Services_SystemCalls,Medium,Order_Trace,"Hãy chỉ ra thứ tự đúng của các bước thực hiện diễn ra trong Tiến trình Boot máy tính:
1. Khởi động cung cấp nguồn điện.
2. Chạy Kernel và Tiến trình Init.
3. BIOS/UEFI bắt đầu POST (Power-On Self-Test).
4. Tải Boot Loader từ MBR hoặc UEFI.
5. Login User và môi trường Desktop.
6. Khởi tạo các Service và các Tiến trình ngầm của Hệ điều hành.",,1 -> 3 -> 4 -> 2 -> 6 -> 5.,1 -> 3 -> 4 -> 2 -> 5 -> 6.,1 -> 4 -> 3 -> 2 -> 6 -> 5.,1 -> 4 -> 3 -> 2 -> 5 -> 6.,,"Tiến trình khởi động (Booting) của máy tính diễn ra theo các bước tuần tự sau:
1. Khởi động cung cấp nguồn điện (Bước 1): Nguồn điện được cấp cho bo mạch chủ và các linh kiện phần cứng.
2. BIOS/UEFI thực hiện POST (Power-On Self-Test) (Bước 3): Kiểm tra tính toàn vẹn và sẵn sàng của các thiết bị phần cứng cơ bản như RAM, CPU, ổ cứng.
3. Tải Boot Loader (Bước 4): Sau khi POST thành công, BIOS/UEFI tìm kiếm thiết bị khởi động và nạp chương trình mồi (Boot Loader) từ MBR hoặc phân vùng UEFI vào bộ nhớ.
4. Chạy Kernel và Tiến trình Init (Bước 2): Boot Loader nạp nhân hệ điều hành (Kernel) vào RAM và chuyển quyền điều khiển cho Kernel. Kernel khởi tạo các cấu trúc dữ liệu phần cứng và chạy tiến trình đầu tiên của hệ thống (như Init hoặc Systemd).
5. Khởi tạo các Service và Tiến trình ngầm (Bước 6): Tiến trình Init/Systemd chịu trách nhiệm khởi động các dịch vụ hệ thống (mạng, bảo mật, âm thanh...) và các tiến trình chạy ẩn (daemons).
6. Đăng nhập và hiển thị Desktop (Bước 5): Sau khi các dịch vụ cần thiết đã sẵn sàng, trình quản lý đăng nhập hiển thị để người dùng nhập thông tin (Login User) và tải môi trường giao diện đồ họa (Desktop Environment).
Do đó, thứ tự chính xác là 1 -> 3 -> 4 -> 2 -> 6 -> 5."
56,CPU_Scheduling_Algorithms_Gantt,Medium,Calculation,"Một Hệ điều hành sử dụng thuật toán lập lịch Shortest Remaining Time First (SRTF). Giả sử thời điểm đến và thời gian đốt cháy CPU như sau và không có Tiến trình nào blocked:

| Process | Burst Time | Arrival Time |
| :--- | :--- | :--- |
| P1 | 20 ms | 0 ms |
| P2 | 25 ms | 15 ms |
| P3 | 10 ms | 30 ms |
| P4 | 15 ms | 45 ms |

Hỏi tổng thời gian chờ của Tiến trình P2 là bao lâu?",,15 ms,5 ms,40 ms,55 ms,,"Phân tích quá trình thực thi theo thuật toán SRTF (Shortest Remaining Time First):
- Tại t = 0: Chỉ có P1 trong hệ thống, P1 được cấp CPU (thời gian còn lại: 20 ms).
- Tại t = 15: P2 đến (Burst Time = 25 ms). Lúc này P1 đã chạy được 15 ms, thời gian còn lại của P1 là 5 ms. Vì 5 ms < 25 ms nên P1 tiếp tục chạy.
- Tại t = 20: P1 hoàn thành. P2 bắt đầu chạy (thời gian còn lại: 25 ms).
- Tại t = 30: P3 đến (Burst Time = 10 ms). Lúc này P2 đã chạy được 10 ms, thời gian còn lại của P2 là 15 ms. Vì 10 ms < 15 ms nên P2 bị trưng dụng (preempted), P3 được cấp CPU.
- Tại t = 40: P3 hoàn thành. P2 được cấp lại CPU (thời gian còn lại: 15 ms).
- Tại t = 45: P4 đến (Burst Time = 15 ms). Lúc này P2 đã chạy thêm được 5 ms, thời gian còn lại của P2 là 10 ms. Vì 10 ms < 15 ms nên P2 tiếp tục chạy.
- Tại t = 55: P2 hoàn thành.

Tính thời gian chờ của P2:
- P2 đến lúc t = 15, hoàn thành lúc t = 55. Thời gian lưu lại trong hệ thống (Turnaround Time) = 55 - 15 = 40 ms.
- Thời gian chờ (Waiting Time) = Turnaround Time - Burst Time = 40 - 25 = 15 ms.
(Hoặc tính theo các khoảng chờ trong Ready Queue: Chờ từ t = 15 đến t = 20 (5 ms) và chờ từ t = 30 đến t = 40 (10 ms). Tổng cộng: 5 + 10 = 15 ms)."
57,Process_Concepts_PCB_Lifecycle,Medium,Multi_Select:2,Chọn phát biểu đúng về Process Table (PT) ?,,PT không chỉ giới hạn ID và tham chiếu đến PCB mà trong một số HĐH vai trò chính của nó là ánh xạ PID đến PCB tương ứng.,PT là cấu trúc dữ liệu chứa entry cho Process Control Block (PCB) của mỗi Tiến trình.,PT không được sử dụng bởi tool giám sát của Hệ điều hành.,PT chứa toàn bộ thông tin của Tiến trình để tăng khả năng truy cập.,,"Process Table (Bảng tiến trình) là một cấu trúc dữ liệu quản lý của hệ điều hành, chứa các mục nhập (entries) trỏ đến Process Control Block (PCB) của từng tiến trình đang hoạt động. Trong nhiều hệ điều hành, vai trò chính của nó là ánh xạ từ mã định danh tiến trình (PID) sang địa chỉ vùng nhớ chứa PCB tương ứng. Bảng tiến trình không chứa toàn bộ thông tin chi tiết của tiến trình (thông tin chi tiết nằm trong PCB để tránh lãng phí bộ nhớ tĩnh của kernel) và nó bắt buộc phải được truy cập bởi các công cụ giám sát hệ thống (như ps, top, Task Manager) để hiển thị trạng thái hệ thống."
58,Process_5_States_Transitions,Medium,Concept_Apply,"Vòng đời của một Tiến trình được mô tả qua sơ đồ 5 trạng thái (New, Ready, Running, Blocked, Exit) với các chuyển dịch: Admit, Dispatch, Time-out, Release, Event Wait, Event Occurs.

Công việc nào diễn ra trong bộ nhớ chính?",,"Dispatcher, Time-out, Event Wait, Event Occur.","Admit, Time-out, Event Wait.","Time-out, Event Wait.","Admit, Dispatcher, Time-out, Event Wait.",,"Trong mô hình 5 trạng thái của tiến trình:
- Trạng thái New nằm ở bộ nhớ ngoài (đĩa cứng), thao tác 'Admit' là quá trình nạp tiến trình từ bộ nhớ ngoài vào bộ nhớ chính.
- Trạng thái Exit giải phóng tiến trình và đưa ra khỏi bộ nhớ chính.
- Ba trạng thái Ready, Running và Blocked đều tồn tại trong bộ nhớ chính (RAM). Do đó, các chuyển dịch trạng thái giữa 3 trạng thái này bao gồm: Dispatcher (Ready -> Running), Time-out (Running -> Ready), Event Wait (Running -> Blocked) và Event Occur (Blocked -> Ready) đều là các công việc hoàn toàn diễn ra bên trong bộ nhớ chính."
59,OS_Structures_Services_SystemCalls,Medium,Concept_Apply,Sector 0 của đĩa cứng HDD trên các máy tính IA-32 bits được gọi là ____. Nó dùng để boot máy tính.,,Master Boot Record.,Boot block.,Super block.,Free block.,,"Trên các máy tính kiến trúc IA-32 (x86), sector đầu tiên (Sector 0) của đĩa cứng HDD được gọi là Master Boot Record (MBR). MBR chứa mã khởi động (boot loader) và bảng phân vùng của đĩa, đóng vai trò quyết định trong quá trình khởi động máy tính."
60,OS_Structures_Services_SystemCalls,Medium,Multi_Select:2,"Với các máy tính IA-64 bits, BIOS không còn phù hợp, thay vào đó sử dụng UEFI. Vì sao BIOS không còn phù hợp?",,BIOS chính nó không đủ chức năng đọc hệ thống file.,Hệ thống sử dụng PT để quản lý các partitions của đĩa nên hạn chế về dung lượng của đĩa.,UEFI tìm đọc MBR.,UEFI tìm đọc sector thứ 2 trên HDD/SSD chứa GPT.,,"BIOS không còn phù hợp trên các hệ thống hiện đại vì hai lý do chính:
1. BIOS rất đơn giản, không có khả năng hiểu và đọc trực tiếp các hệ thống file (như FAT, NTFS, ext4) mà chỉ nạp sector đầu tiên vào bộ nhớ.
2. BIOS sử dụng bảng phân vùng MBR (Partition Table - PT) truyền thống, giới hạn dung lượng đĩa tối đa chỉ 2 TB và tối đa 4 phân vùng chính, không đáp ứng được nhu cầu lưu trữ lớn hiện nay."
